fecha;identificador;ciudad;seccion;id_sec;titulo
2011-04-26;10914;Antofagasta;Sociedad;11;El drama que vive la familia de un pequeño de seis años que está en coma
2011-04-26;10879;Antofagasta;Policial;11;El Colegio North College de Antofagasta sufrió un robo de cuatro notebooks
2011-04-26;10874;Antofagasta;Deportes;11;"El volante del CDA Eric Pino: ""Concepción es un equipo muy difícil"""
2011-04-26;10861;Antofagasta;Deportes;11;El CDA ya se prepara para enfrentar a Deportes Concepción
2011-04-26;10851;Antofagasta;Sociedad;11;Los adultos mayores de Mejillones conocieron los beneficios de las reformas sociales
2011-04-26;10846;Antofagasta;Sociedad;11;Un estadounidense ganó más de 30 millones en el póker de Enjoy Antofagasta
2011-04-26;10826;Antofagasta;Sociedad;11;La municipalidad de Antofagasta retira 60 sacos de basura al día en el Paseo del Mar
2011-04-26;10820;Antofagasta;Policial;11;El intendente de Antofagasta apoya el centro de análisis del delito para su región
2011-04-26;10810;Antofagasta;Espectáculos;11;Una promisoria banda de cuecas y cumbias actuará este viernes en Antofagasta
2011-04-26;10806;Antofagasta;Espectáculos;11;El cantante Camilo Sesto se presentará el próximo 9 de junio en Antofagasta
2011-04-26;10789;Antofagasta;Deportes;11;Los Pumas y los Leones se medirán en duelo de fieras en el Regional
2011-04-26;10779;Antofagasta;Policial;11;El Gobierno Regional instalará unos pórticos para detectar a los camiones en peligrosa vía
2011-04-25;10746;Antofagasta;Cultura;11;La escritora de los pescadores de Antofagasta tendrá un encuentro con los escolares
2011-04-25;10664;Antofagasta;Sociedad;11;80 internos de la cárcel de Antofagasta iniciarán mañana una huelga de hambre
2011-04-25;10662;Antofagasta;Deportes;11;"""Los Zorros"" entre el cielo y el infierno"
2011-04-25;10639;Antofagasta;Policial;11;Los Carabineros de Calama detuvieron a cuatro sujetos por intentar robar un vehículo
2011-04-25;10631;Antofagasta;Sociedad;11;El antofagastino que se dedica a cazar fantasmas
2011-04-25;10600;Antofagasta;Sociedad;11;Los cinco ministros que nunca han venido a la región de Antofagasta
2011-04-25;10590;Antofagasta;Sociedad;11;El Intendente de Antofagasta descarta irregularidades en arriendo de terrenos a Mall Plaza
2011-04-25;10589;Antofagasta;Sociedad;11;El diputado Pedro Araya presentó un proyecto para crear feriados regionales
2011-04-25;10588;Antofagasta;Sociedad;11;El diputado Rojas denuncia un atraso en el proyecto de las rutas concesionadas
2011-04-24;10549;Antofagasta;Espectáculos;11;La Corporación Cultural entregará 135 becas para la escuela de música y ballet
2011-04-24;10551;Antofagasta;Policial;11;El Cuerpo de Carabineros realizó 536 controles en los sectores centro y sur de Antofagasta
2011-04-24;10539;Antofagasta;Policial;11;Dos niños de Mejillones son las nuevas víctimas de mordeduras de perros callejeros
2011-04-24;10525;Antofagasta;Deportes;11;En una guerra de goles, CDA ganó de visita a Magallanes por 3 a 2
2011-04-24;10504;Antofagasta;Sociedad;11;Los vecinos instalan monolitos para evitar los estacionamientos en las veredas en Antofagasta
2011-04-24;10498;Antofagasta;Policial;11;Son 12 los detenidos en un operativo relámpago de la PDI en Mejillones
2011-04-24;10495;Antofagasta;Sociedad;11;Bolivia acudirá a tribunales internacionales por caso del Río Silala
2011-04-24;10469;Antofagasta;Sociedad;11;Falta de interés por Parque Los Pinares
2011-04-24;10459;Antofagasta;Sociedad;11;Otro joven ganó $50 millones en Casino Enjoy en Antofagasta
2011-04-23;10402;Antofagasta;Policial;11;Increíble: Un taxibús se hundió en medio de la calle en Antofagasta
2011-04-23;10396;Antofagasta;Sociedad;11;Iglesias y parroquias de Antofagasta realizarán solemnes vigilias esta noche
2011-04-23;10392;Antofagasta;Deportes;11;Club Deportes Antofagasta partió a Santiago para enfrentar a Magallanes
2011-04-23;10384;Antofagasta;Espectáculos;11;La Corporación Cultural de Antofagasta entregará 135 becas de estudios
2011-04-23;10382;Antofagasta;Sociedad;11;La escuela 21 de Mayo  de Calama realizó significativo Vía Crucis Infantil
2011-04-23;10376;Antofagasta;Sociedad;11;El  seremi del trabajo, Pablo García, llamó a trabajadores a integrar escuela sindical en la Región de Antofagasta
2011-04-23;10373;Antofagasta;Sociedad;11;Los trabajadores en huelga de Compass Catering realizarán jornada cultural en Antofagasta
2011-04-23;10363;Antofagasta;Espectáculos;11;El grupo Quilapayún se presentará en Antofagasta durante el Día Internacional del Trabajo
2011-04-23;10355;Antofagasta;Cultura;11;El Colectivo Cultural Víctor Jara  de Antofagasta comenzó periodo de inscripción
2011-04-23;10344;Antofagasta;Sociedad;11;Deteriorado Muelle Histórico está sin fecha de remodelación
2011-04-23;10342;Antofagasta;Espectáculos;11;El cantante Vicentico visitará Antofagasta en junio
2011-04-23;10323;Antofagasta;Sociedad;11;Los diputados de la región exigen rebajas por cortes de agua para todos los antofagastinos
2011-04-22;10308;Antofagasta;Policial;11;Joven madre calameña murió tras feroz volcamiento de auto
2011-04-22;10305;Antofagasta;Policial;11;La Policía de Investigaciones de Antofagasta detuvo a joven que portaba cuchillo
2011-04-22;10304;Antofagasta;Policial;11;Los Carabineros de Calama detuvieron a mujer por hacerse un aborto
2011-04-22;10293;Antofagasta;Policial;11;Un antofagastino murió mientras esperaba atención dental
2011-04-22;10275;Antofagasta;Policial;11;Un trabajador de la construcción fue asesinado con dos puñaladas
2011-04-22;10281;Antofagasta;Sociedad;11;El nuevo Hospital de Tocopilla ya se encuentra en marcha blanca
2011-04-22;10272;Antofagasta;Sociedad;11;Los escolares de Antofagasta conmemorarán el día contra el bullying
2011-04-22;10267;Antofagasta;Sociedad;11;El Muelle Histórico de Antofagasta sigue sin reparación
2011-04-22;10216;Antofagasta;Economía y Negocios;11;Los contribuyentes adelantan sus trámites para la Operación Renta
2011-04-22;10185;Antofagasta;Sociedad;11;El Terminal Pesquero de Antofagasta mantiene las fuertes alzas en pescados y mariscos
2011-04-21;10149;Antofagasta;Sociedad;11;Los dirigentes vecinales de Antofagasta buscan mejorar la seguridad en sus barrios
2011-04-21;10144;Antofagasta;Sociedad;11;Un incendio afectó a una bodega de la Seremi de Salud de Antofagasta
2011-04-21;10123;Antofagasta;Policial;11;Dos abuelos intentaban comercializar pasta base en Antofagasta
2011-04-21;10113;Antofagasta;Policial;11;Carabineros intensificará control vehícular durante el fin de semana largo
2011-04-21;10108;Antofagasta;Policial;11;Carabineros detuvo a un hombre que toqueteó a una mujer en bus
2011-04-21;10085;Antofagasta;Deportes;11;La cancha Lautaro vuelve a ser del IND y tendrá una importante renovación
2011-04-21;10072;Antofagasta;Policial;11;Una mujer fue detenida porque compró un automóvil robado
2011-04-21;10067;Antofagasta;Sociedad;11;El Municipio de Antofagasta mantendrá la demanda contra la sanitaria
2011-04-21;10048;Antofagasta;Policial;11;Servicio Médico Legal entregó cuerpos de las víctimas
2011-04-21;10041;Antofagasta;Sociedad;11;El hospital de Antofagasta cuenta a partir de hoy con un nuevo director
2011-04-21;10021;Antofagasta;Sociedad;11;Más de cinco mil personas viajarán por bus en Semana Santa
2011-04-21;10009;Antofagasta;Espectáculos;11;La banda Inverness se presentará mañana en la Universidad Católica del Norte
2011-04-21;10001;Antofagasta;Sociedad;11;La extracción de basura será de forma normal este fin de semana en Antofagasta
2011-04-21;9999;Antofagasta;Sociedad;11;La seremi de Gobierno explicó los beneficios para la tercera edad
2011-04-21;9992;Antofagasta;Espectáculos;11;El Orfeón Nacional de Carabineros ofrecerá un concierto en las Ruinas de Huanchaca
2011-04-21;9973;Antofagasta;Policial;11;Carabineros identificó a las cuatro víctimas de la tragedia
2011-04-21;9960;Antofagasta;Sociedad;11;Mall Plaza y grandes tiendas no abrirán este Viernes Santo en Antofagasta
2011-04-21;9940;Antofagasta;Sociedad;11;Aguas Antofagasta compensará a sus clientes con $ 167 millones por cortes en el suministro
2011-04-21;9939;Antofagasta;Espectáculos;11;La comisión organizadora del Festival del Libro dará a conocer los detalles del evento literario
2011-04-21;9933;Antofagasta;Sociedad;11;"Un músico antofagastino lleva más de 48 años ""muerto en vida"""
2011-04-20;9925;Antofagasta;Policial;11;Cuatro muertos y 24 heridos provocó un bus sin frenos en la avenida Salvador Allende
2011-04-20;9908;Antofagasta;Tecnología;11;El presidente de Telefónica confirmó que Antofagasta será la zona más conectada de Chile
2011-04-20;9897;Antofagasta;Sociedad;11;Las obras de la nueva Ruta a La Negra comenzarán en junio
2011-04-20;9894;Antofagasta;Sociedad;11;La ciudad de Tocopilla amaneció empapelada con carteles de hombre que no paga pensión alimenticia
2011-04-20;9882;Antofagasta;Policial;11;Unos sujetos intentaron sobornar a un carabinero con bidones de pétroleo
2011-04-20;9851;Antofagasta;Sociedad;11;La Municipalidad de Antofagasta incluirá la eutanasia de perros vagos en ordenanza
2011-04-20;9847;Antofagasta;Economía y Negocios;11;Las bencinas superarán los 800 pesos en Antofagasta
2011-04-20;9824;Antofagasta;Sociedad;11;El Registro Civil suscribió un acuerdo con el Hogar Don Orione de Antofagasta
2011-04-20;9813;Antofagasta;Sociedad;11;El ex alcalde de Sierra Gorda Carlos López irá a juicio por desacato
2011-04-20;9790;Antofagasta;Sociedad;11;El seremi de salud Marcos Madrigal aprobó la venta de pescados y mariscos
2011-04-20;9777;Antofagasta;Sociedad;11;"La empresa Shell cambia la arena en la zona contaminada de ""Las Petroleras"""
2011-04-20;9772;Antofagasta;Sociedad;11;Los taxistas de Tocopilla están en pie de guerra por la marginación en el subsidio escolar
2011-04-20;9742;Antofagasta;Economía y Negocios;11;Los 250 contratistas de Minera Escondida marchan por Antofagasta
2011-04-20;9711;Antofagasta;Sociedad;11;Un sismo de 4,2 grados afectó a la región de Antofagasta
2011-04-20;9709;Antofagasta;Deportes;11;Unos 23 millones de pesos recibirá Cobreloa por el pase de Lucas Barrios
2011-04-20;9703;Antofagasta;Policial;11;Un incendio acabó con tres casas en la comuna de Taltal
2011-04-20;9701;Antofagasta;Policial;11;El senador Cantero pide la intervención de la Cancillería por asaltos a camiones
2011-04-20;9691;Antofagasta;Espectáculos;11;"El nieto de los ""Tachuelas"" sufrió un accidente por una posible negligencia"
2011-04-19;9622;Antofagasta;Policial;11;Un trabajador boliviano fue aplastado por un cerro de arena en Antofagasta
2011-04-19;9606;Antofagasta;Deportes;11;El lateral Andrés Oroz estará dos semanas fuera de las canchas
2011-04-19;9600;Antofagasta;Espectáculos;11;El Club de Alcohólicos Anónimos celebra nuevo aniversario con una muestra artesanal
2011-04-19;9364;Antofagasta;Sociedad;11;Los comerciantes subirán en 50% los precios de pescados y mariscos en Antofagasta
2011-04-19;9585;Antofagasta;Sociedad;11;La Iglesia Católica invitó a los fieles antofagastinos a celebrar el Miércoles Santo
2011-04-19;9578;Antofagasta;Sociedad;11;La Municipalidad de Antofagasta entregó 80 millones de pesos a Bomberos
2011-04-19;9579;Antofagasta;Sociedad;11;Las reclusas de Antofagasta buscan rehabilitarse con la peluquería
2011-04-19;9536;Antofagasta;Espectáculos;11;El ex vocalista de Teleradio Donoso se presentará en Antofagasta
2011-04-19;9533;Antofagasta;Sociedad;11;Los voluntarios del INE realizarán un precenso en la región de Antofagasta
2011-04-19;9526;Antofagasta;Deportes;11;"Los ""Pumas"" reclamaron por el largo del pasto en el Estadio Regional"
2011-04-19;9523;Antofagasta;Sociedad;11;Una comisión boliviana insiste en la repatriación de las aguas del río Silala
2011-04-19;9514;Antofagasta;Sociedad;11;La municipalidad pierde más de 550 millones por el robo de cables en Antofagasta
2011-04-19;9502;Antofagasta;Sociedad;11;El municipio le pidió a la sanitaria instalar estanques para prevenir una nueva emergencia
2011-04-19;9498;Antofagasta;Policial;11;Un vuelco dio el caso del joven estudiante de derecho que fue asesinado
2011-04-19;9479;Antofagasta;Sociedad;11;Los vecinos del casco antiguo de Tocopilla reclaman por lenta reconstrucción
2011-04-19;9476;Antofagasta;Sociedad;11;Los contratistas en huelga aseguran que radicalizarán sus protestas en Antofagasta
2011-04-19;9469;Antofagasta;Policial;11;Una mujer fue detenida en Calama por querer ingresar droga en bolsa de té
2011-04-19;9445;Antofagasta;Policial;11;Un terrible y nuevo caso de maltrato animal se registró en Calama
2011-04-19;9438;Antofagasta;Sociedad;11;La minera Escondida invertirá US$ 120 millones para su nuevo campamento de trabajadores
2011-04-18;9342;Antofagasta;Policial;11;Una mujer falleció mientras viajaba hasta Antofagasta
2011-04-18;9334;Antofagasta;Policial;11;La PDI de Antofagasta desarmó una banda especializada en el robo de celulares
2011-04-18;9317;Antofagasta;Sociedad;11;La Comisión de Salud del Consejo Regional conoció en terreno las dependencias del nuevo hospital de Tocopilla
2011-04-18;9301;Antofagasta;Sociedad;11;La empresa Aguas Antofagasta espera construir una nueva planta desaladora en diciembre
2011-04-18;9264;Antofagasta;Policial;11;Una riña terminó con un incendio en Antofagasta
2011-04-18;9255;Antofagasta;Policial;11;Unos hermanos calameños resultaron heridos tras una fiesta en discoteque
2011-04-18;9233;Antofagasta;Sociedad;11;La Onemi de Antofagasta activó un plan de contingencia para la Semana Santa
2011-04-18;9232;Antofagasta;Policial;11;La ecuatoriana no luchó más: falleció víctima del volcamiento de bus en ruta a Tocopilla
2011-04-18;9228;Antofagasta;Deportes;11;El defensa uruguayo que llegó a ordenar la zaga de Club Deportes Antofagasta
2011-04-18;9219;Antofagasta;Policial;11;La nueva ley de la calle: antofagastinos se toman justicia con sus manos
2011-04-18;9213;Antofagasta;Deportes;11;Los pedaleros antofagastinos celebraron por partida doble
2011-04-18;9200;Antofagasta;Sociedad;11;Gobierno da un plazo de cuatro años para reducir cifras de embarazo adolescente en la región
2011-04-18;9194;Antofagasta;Sociedad;11;Una apostadora obtuvo más de 50 millones de pesos en el Casino Enjoy de Antofagasta
2011-04-18;9190;Antofagasta;Sociedad;11;La milagrosa historia del detective que se escapó de la muerte
2011-04-18;9188;Antofagasta;Sociedad;11;Estudio del Ministerio de Salud apuntan que la falta de sueño y el sobrepeso reducen la productividad
2011-04-18;9187;Antofagasta;Deportes;11;Un magro empate entre el CDA y San Marcos de Arica
2011-04-18;9185;Antofagasta;Sociedad;11;Antofagastinos aumentan sus consultas médicas por males respiratorios
2011-04-17;9167;Antofagasta;Sociedad;11;Los calameños comienzan Semana Santa con masiva misa de Domingo de Ramos
2011-04-17;9164;Antofagasta;Policial;11;Un joven lleva tres semanas desaparecido en Calama
2011-04-17;9158;Antofagasta;Sociedad;11;Los pobladores del campamento Caleta Boy sur de Tocopilla protestan por subsidios
2011-04-17;9145;Antofagasta;Policial;11;La Policía de Investigaciones de Antofagasta detuvo a 2 individuos que vendían objetos robados
2011-04-17;9132;Antofagasta;Deportes;11;Magro empate entre Antofagasta y San Marcos de Arica
2011-04-17;9124;Antofagasta;Policial;11;La Policía de Investigaciones detuvo a 6 sujetos en sector norte de Antofagasta
2011-04-17;9120;Antofagasta;Policial;11;El Cuerpo de Bomberos de Tocopilla recibió agradecimiento de mujeres heridas en volcamiento
2011-04-17;9094;Antofagasta;Policial;11;Carabineros de Tocopilla detuvo a sujeto por agredir a pareja en el centro de la ciudad
2011-04-17;9090;Antofagasta;Policial;11;Los Carabineros de Tocopilla detuvieron a sujeto que mostraba sus genitales en pleno centro de la ciudad
2011-04-17;9055;Antofagasta;Sociedad;11;El diputado Pedro Araya se reunió con el monseñor Ricardo Ezzati
2011-04-17;9052;Antofagasta;Policial;11;En la Cuarta Región apareció la joven desaparecida en Antofagasta
2011-04-17;9050;Antofagasta;Espectáculos;11;200 jóvenes antofagastinos participarán en talleres artísticos
2011-04-17;9045;Antofagasta;Sociedad;11;Ministro Mañalich anuncia una oficina para donantes en Antofagasta
2011-04-17;9037;Antofagasta;Policial;11;Una mujer antofagastina resultó con heridas graves tras el ataque de un perro
2011-04-17;9015;Antofagasta;Sociedad;11;La conferencia episcopal comienza con las liturgias de Semana Santa en Antofagasta
2011-04-17;9005;Antofagasta;Sociedad;11;El seremi de Transportes realizará una fiscalización a buses interurbanos de Antofagasta
2011-04-17;8998;Antofagasta;Deportes;11;CDA jugará pensando en el liderato de la Primera B
2011-04-17;8997;Antofagasta;Policial;11;Las autoridades en alerta por bandas que falsifican dólares en Antofagasta
2011-04-17;8881;Antofagasta;Sociedad;11;La Universidad de Antofagasta revisa los diseños curriculares de sus carreras de Pedagogía
2011-04-16;8955;Antofagasta;Sociedad;11;Los católicos de Antofagasta iniciarán mañana la Semana Santa
2011-04-16;8952;Antofagasta;Cultura;11;La Universidad Católica del Norte de Antofagasta impartirá talleres de arte
2011-04-16;8949;Antofagasta;Sociedad;11;El Servicio de Vivienda y Urbanización de Antofagasta avanza con la pavimentación de calle El Yodo
2011-04-16;8938;Antofagasta;Sociedad;11;El Consejo Comunal de la Infancia de Antofagasta realizó su primera asamblea del año
2011-04-16;8927;Antofagasta;Cultura;11;La Orquesta Sinfónica de Antofagasta inició ayer su nueva temporada de conciertos
2011-04-16;8920;Antofagasta;Policial;11;La Policia de Investigaciones de Antofagasta identificó cuerpo encontrado en San Pedro de Atacama
2011-04-16;8902;Antofagasta;Sociedad;11;Los Tachuelas visitaron a los niños del Hospital Regional de Antofagasta
2011-04-16;8878;Antofagasta;Sociedad;11;La Cruz Roja de Antofagasta impartirá un taller de primeros auxilios
2011-04-16;8871;Antofagasta;Policial;11;Los vecinos detienen a ladrón en pleno asalto en el centro de Antofagasta
2011-04-16;8864;Antofagasta;Espectáculos;11;El grupo Shamanes Crew actuó con gran éxito en inauguración de Uber Discoteque en Antofagasta
2011-04-16;8863;Antofagasta;Cultura;11;La Reina Isabel se despide de las tablas en el Teatro Pedro de la Barra
2011-04-16;8853;Antofagasta;Deportes;11;Los Carabineros de Antofagasta realizarán jornada recreativa junto al Club Ciclista de la ciudad
2011-04-16;8841;Antofagasta;Deportes;11;Los fanáticos antofagastinos podrán ver el Derby español en pantallas de cine
2011-04-16;8840;Antofagasta;Sociedad;11;Vecinos del sector de la Costanera Norte exigen recuperación del Parque Los Pinares
2011-04-16;8823;Antofagasta;Espectáculos;11;El grupo De Saloon se presentará nuevamente en Antofagasta
2011-04-16;8820;Antofagasta;Cultura;11;El pintor cubano Juan Carlos Sánchez inaugura exposición en Biblioteca Viva
2011-04-16;8806;Antofagasta;Policial;11;El fiscal Rodrigo Benitt investiga la presunta violación a un menor en Antofagasta
2011-04-16;8789;Antofagasta;Deportes;11;Plantel del CDA confían en otra victoria ante San Marcos de Arica
2011-04-16;8775;Antofagasta;Sociedad;11;Con profesores extranjeros el Mineduc buscará repunte en el Simce de Inglés
2011-04-16;8770;Antofagasta;Sociedad;11;Después de ocho años concluye la construcción de la nueva cárcel
2011-04-15;8750;Antofagasta;Policial;11;Los antofagastinos disfrutan de la Expo Carabineros 2011
2011-04-15;8748;Antofagasta;Sociedad;11;El periodista antofagastino Alejandro Guiller inauguró el año académico en la Universidad de Antofagasta
2011-04-15;8744;Antofagasta;Deportes;11;Los resguardos que tomará Nelson Acosta para enfrentar a
2011-04-15;8741;Antofagasta;Policial;11;Los tocopillanos que nunca más aparecieron
2011-04-15;8738;Antofagasta;Sociedad;11;El músico Javier Barría regresa a los escenarios antofagastinos
2011-04-15;8729;Antofagasta;Sociedad;11;El Cerro El Ancla de Antofagasta ingresó al registro de Monumentos Históricos
2011-04-15;8724;Antofagasta;Policial;11;Los Carabineros de Antofagasta detuvieron a una banda de asaltantes en menos de cinco horas
2011-04-15;8718;Antofagasta;Policial;11;La PDI de Antofagasta determinó que cuatro muertos presentaban 71 órdenes de detención
2011-04-15;8709;Antofagasta;Espectáculos;11;La cantante Christina Rosenvinge realizará un inédito concierto en Antofagasta
2011-04-15;8705;Antofagasta;Economía y Negocios;11;El seremi del Trabajo estableció una mesa de diálogo con los contratistas de Escondida
2011-04-15;8703;Antofagasta;Sociedad;11;El ministro de defensa Andrés Allamand inauguró nuevo unidad del Ejército de Chile en Antofagasta
2011-04-15;8681;Antofagasta;Policial;11;Una familia antofagastina forma parte de las víctimas del volcamiento de bus Pullman
2011-04-15;8673;Antofagasta;Sociedad;11;Una nueva emergencia medioambiental afectó a Mejillones
2011-04-15;8666;Antofagasta;Policial;11;La PDI halló un cadáver de un antofagastino en el sector de la costanera
2011-04-15;8610;Antofagasta;Economía y Negocios;11;Inmobiliaria construirá una gigantesca piscina en el sector norte de Antofagasta
2011-04-15;8588;Antofagasta;Sociedad;11;Las increíbles debilidades en la formación de los profesores en Antofagasta
2011-04-15;8577;Antofagasta;Sociedad;11;El padre de la joven asesinada demandará al Estado por grave negligencia
2011-04-15;8558;Antofagasta;Sociedad;11;Comenzó la limpieza en el cementerio ilegal de mascotas
2011-04-15;8550;Antofagasta;Sociedad;11;Los expertos en salud de Antofagasta apoyan la ley contra la obesidad
2011-04-14;8520;Antofagasta;Policial;11;Un nuevo caso de bullying se registró en colegio de Calama
2011-04-14;8514;Antofagasta;Sociedad;11;La población Altos La Chimba tendrá operativo de aseo durante el fin de semana
2011-04-14;8509;Antofagasta;Policial;11;Muestra Carabineros de Chile será inaugurada mañana en mall de Antofagasta
2011-04-14;8502;Antofagasta;Sociedad;11;La Fundación Minera Escondida entregó implementos de seguridad en Paposo
2011-04-14;8497;Antofagasta;Deportes;11;Patricio Schowb irá como titular de Cobreloa este domingo en duelo ante Cobresal
2011-04-14;8490;Antofagasta;Sociedad;11;La Conaf de Antofagasta difunde proyecto de ecoturismo para San Pedro de Atacama
2011-04-14;8486;Antofagasta;Policial;11;Una pareja de hermanos intentaba comercializar droga en la Feria Modelo de Calama
2011-04-14;8479;Antofagasta;Sociedad;11;La dirección de Aseo de Antofagasta realizará operativo en sector La Chimba
2011-04-14;8458;Antofagasta;Sociedad;11;La municipalidad de Antofagasta entregará 80 millones pesos a los Bomberos
2011-04-14;8442;Antofagasta;Economía y Negocios;11;Los trabajadores de la mina Sierra Miranda paralizan por dos horas
2011-04-14;8439;Antofagasta;Policial;11;Un interno permanece en huelga de hambre en penal tocopillano
2011-04-14;8397;Antofagasta;Policial;11;Médico antofagastino fue sentenciado por prescripción ilegal de medicamentos
2011-04-14;8382;Antofagasta;Policial;11;Los padres de un estudiante antofagastino denunciaron abuso sexual en su escuela
2011-04-14;8373;Antofagasta;Sociedad;11;El senador Gómez denunció que el ministro Hinzpeter no quiso recibir a alcaldes de Antofagasta
2011-04-14;8357;Antofagasta;Sociedad;11;El Gobierno pidió un mayor plazo para retirar minas antipersonales en la región
2011-04-14;8339;Antofagasta;Policial;11;Un volcamiento dejó dos heridos leves en ruta que une Tocopilla con Antofagasta
2011-04-14;8328;Antofagasta;Policial;11;Un sujeto falleció en el sector costero luego de solicitar ayuda
2011-04-14;8312;Antofagasta;Sociedad;11;Los concejales de Antofagasta investigan las fallas en los solmáforos
2011-04-14;8311;Antofagasta;Sociedad;11;La seremi de educación de Antofagasta intervendrá en escuelas por el Simce
2011-04-13;8277;Antofagasta;Espectáculos;11;La Orquesta Sinfónica de Antofagasta inicia una nueva temporada de conciertos
2011-04-13;8268;Antofagasta;Sociedad;11;Un  grupo de jóvenes angloparlantes llegó para enseñar inglés en los colegios
2011-04-13;8257;Antofagasta;Policial;11;El intendente Alvaro Fernández lanzó el Escuadrón Centauro en Antofagasta
2011-04-13;8255;Antofagasta;Sociedad;11;La Municipalidad de Antofagasta construirá una plaza en homenaje a China
2011-04-13;8246;Antofagasta;Policial;11;Los Carabineros detuvieron a dos escolares por portar armas
2011-04-13;8242;Antofagasta;Economía y Negocios;11;El intendente de Antofagasta entregó un manual para prevenir los delitos en el comercio
2011-04-13;8239;Antofagasta;Policial;11;Un volcamiento deja tres lesionados cerca de Paposo
2011-04-13;8237;Antofagasta;Policial;11;La PDI halló osamentas humanas en el sector de María Elena
2011-04-13;8234;Antofagasta;Sociedad;11;El Gobierno Regional adjudica la construcción de la nueva biblioteca pública
2011-04-13;8220;Antofagasta;Sociedad;11;La municipalidad inicia los cursos para emprendedores con discapacidad
2011-04-13;8208;Antofagasta;Economía y Negocios;11;Los contratistas de Escondida bloquean la salida sur de Antofagasta
2011-04-13;8177;Antofagasta;Deportes;11;El central Sebastián Roco y Nelson Acosta podrán estar ante Cobresal
2011-04-13;8156;Antofagasta;Policial;11;Los Carabineros de Calama incautaron 16 kilos de droga luego de fiscalizar bus
2011-04-13;8154;Antofagasta;Sociedad;11;Los pasajes de los taxibuses subirán en 20 pesos en Antofagasta
2011-04-13;8109;Antofagasta;Sociedad;11;El Hogar de Cristo recibió a 680 nuevos voluntarios
2011-04-13;8085;Antofagasta;Deportes;11;La incógnita que tiene Cobreloa para enfrentar a Cobresal
2011-04-13;8076;Antofagasta;Economía y Negocios;11;Minera inglesa negocia comprar el yacimiento Montecristo
2011-04-13;8057;Antofagasta;Sociedad;11;Los choferes confirman que el paro fracasó por miedo a despidos
2011-04-12;8027;Antofagasta;Sociedad;11;El periodista Alejandro Guillier inaugurará año académico en la Universidad de Antofagasta
2011-04-12;8026;Antofagasta;Sociedad;11;La Municipalidad de Antofagasta inauguró juegos infantiles en Población Ana Giglia
2011-04-12;8021;Antofagasta;Policial;11;Una joven ecuatoriana permanece grave en el Hospital Regional de Antofagasta
2011-04-12;8001;Antofagasta;Deportes;11;El joven tenista Bastián Malla está de regreso en Antofagasta
2011-04-12;7995;Antofagasta;Sociedad;11;La Dirección de Aseo comunal erradicará el cementerio ilegal de mascotas
2011-04-12;7974;Antofagasta;Sociedad;11;El Sernac entrega guía para los derechos de los pasajeros
2011-04-12;7951;Antofagasta;Sociedad;11;La empresa IBM elige a Antofagasta para instalar su programa de Ciudad Inteligente
2011-04-12;7961;Antofagasta;Sociedad;11;La Municipalidad de Antofagasta lanza campaña de aseo en las poblaciones
2011-04-12;7946;Antofagasta;Policial;11;Los pobladores de la Coviefi golpearon a un asaltante de taxista
2011-04-12;7935;Antofagasta;Deportes;11;Los dirigentes deportivos de Antofagasta manifestaron sus preocupaciones
2011-04-12;7915;Antofagasta;Policial;11;Los familiares de víctima del volcamiento de bus reclaman negligencia médica
2011-04-12;7906;Antofagasta;Sociedad;11;El seremi de Salud extiende plazo para la vacunación gratuita por la influenza
2011-04-12;7844;Antofagasta;Deportes;11;El CDA regresó a las prácticas con miras a recibir a San Marcos de Arica
2011-04-12;7839;Antofagasta;Sociedad;11;Los contratistas en huelga realizaron una marcha por la ciudad
2011-04-12;7815;Antofagasta;Política;11;La PDI de Calama encontró a mujer desaparecida desde mayo de 2010
2011-04-12;7800;Antofagasta;Policial;11;El fiscal nacional no descarta cómplices en caso de Cecilia Julio
2011-04-12;7791;Antofagasta;Policial;11;Un herido tras volcamiento de un jeep en el sector sur
2011-04-12;7789;Antofagasta;Sociedad;11;El paro de los choferes de las micros fracasó en Antofagasta
2011-04-12;7723;Antofagasta;Sociedad;11;18% de los universitarios antofagastinos está con riesgo por sobrepeso
2011-04-11;7678;Antofagasta;Policial;11;Una mujer agredió a su hija de 23 años con un palo
2011-04-11;7749;Antofagasta;Deportes;11;La atleta antofagastina que piensa en participar en los JJ.OO. 2012
2011-04-11;7741;Antofagasta;Deportes;11;El invicto de Cobreloa femenino llegó a su fin
2011-04-11;7734;Antofagasta;Deportes;11;Tres bajas presenta Cobreloa para el clásico con Cobresal
2011-04-11;7727;Antofagasta;Policial;11;Un antofagastino falleció luego de ser devorado por una jauría de perros
2011-04-11;7716;Antofagasta;Sociedad;11;El Sename denuncia que 150 niños fueron abusados en Antofagasta
2011-04-11;7709;Antofagasta;Policial;11;Un 21,7% disminuyó la tasa los robos de vehículos en Antofagasta
2011-04-11;7719;Antofagasta;Sociedad;11;UDI de Antofagasta efectuará misa en memoria del diputado Juan Lobos
2011-04-11;7674;Antofagasta;Sociedad;11;Los contratistas de Escondida reclaman por sus remuneraciones
2011-04-11;7670;Antofagasta;Policial;11;El obispado de Calama responde ante la denuncia de abuso sexual en contra de catequista
2011-04-11;7665;Antofagasta;Cultura;11;La Orquesta Sinfónica comenzará el viernes su temporada de conciertos
2011-04-11;7652;Antofagasta;Policial;11;La PDI detuvo a sujeto que vendía soldadura robada
2011-04-11;7624;Antofagasta;Sociedad;11;El MOP habilita el Paso Jama para todo tipo de vehículos
2011-04-11;7617;Antofagasta;Sociedad;11;Los conductores del Transantofagasta acusan amenazas por el paro
2011-04-10;7555;Antofagasta;Policial;11;Detienen a catequista acusado de abuso sexual en Calama
2011-04-10;7552;Antofagasta;Policial;11;Trabajador murió aprisionado contra el techo en Calama
2011-04-10;7551;Antofagasta;Sociedad;11;Bomberos de Antofagasta realizaron desfile en honor a su aniversario 136
2011-04-10;7545;Antofagasta;Policial;11;Voraz incendio dejó a 16 personas damnificadas
2011-04-10;7541;Antofagasta;Sociedad;11;Comienza postulación a talleres para Feria Internacional del Libro en Antofagasta
2011-04-10;7537;Antofagasta;Deportes;11;Club de Deportes Antofagasta goleó 4 a 1 a Rangers de Talca
2011-04-10;7534;Antofagasta;Deportes;11;Club Deportes Antofagasta goleó a Rangers por 4 a 1
2011-04-10;7517;Antofagasta;Sociedad;11;Escuela “21 de mayo” de Calama logró el mayor aumento comunal en el SIMCE de matemáticas
2011-04-10;7513;Antofagasta;Policial;11;Encuentran a poblador muero en población Corvallis de Antofagasta
2011-04-10;7508;Antofagasta;Policial;11;Un muerto y 14 heridos tras volcamiento de bus interurbano
2011-04-10;7480;Antofagasta;Policial;11;Volcamiento de bus  deja un muerto y 17 heridos en Cobija
2011-04-10;7461;Antofagasta;Sociedad;11;Parlamentarios exigen paralizar el plan para ampliar Cerro Moreno
2011-04-10;7447;Antofagasta;Sociedad;11;Los diputados de la región intervienen por reiterados fraudes bancarios
2011-04-09;7407;Antofagasta;Sociedad;11;Minera El tesoro entrega certificados y becas a operadores aprendices de Calama
2011-04-09;7406;Antofagasta;Sociedad;11;Nueva empresa francesa estudia tren urbano para Antofagasta
2011-04-09;7403;Antofagasta;Sociedad;11;Embajador de Estados Unidos se reunió con alcaldesa de Antofagasta
2011-04-09;7399;Antofagasta;Sociedad;11;CONAF celebra 21° aniversario del Monumento Natural La Portada
2011-04-09;7396;Antofagasta;Sociedad;11;Bomberos de Antofagasta realizará desfile de aniversario
2011-04-09;7392;Antofagasta;Sociedad;11;Este lunes comenzará fondo concursable de Fundación Minera Escondida
2011-04-09;7383;Antofagasta;Sociedad;11;Bolivia afirmó que acudirá a La Haya por las aguas del río Silala
2011-04-09;7384;Antofagasta;Cultura;11;Congreso animará la última jornada de la Feria Internacional del Libro de Antofagasta
2011-04-09;7377;Antofagasta;Sociedad;11;Seremi de Gobierno, Paulina Núñez evaluó mes de marzo en la Región de Antofagasta
2011-04-09;7372;Antofagasta;Policial;11;Los amigos de la joven asesinada marcharon para pedir justicia
2011-04-09;7363;Antofagasta;Sociedad;11;El aeropuerto Cerro Moreno es uno de los peor evaluados del país
2011-04-09;7366;Antofagasta;Sociedad;11;Micreros comenzarán paro indefinido este martes en Antofagasta
2011-04-09;7357;Antofagasta;Policial;11;Un camión destruyó parte de la basílica Corazón de María
2011-04-09;7352;Antofagasta;Sociedad;11;Camión sin chofer chocó con Basílica Sagrado Corazón de María de Antofagasta
2011-04-08;7253;Antofagasta;Sociedad;11;Dos mil peruanos votarán en Antofagasta para elegir su gobernante
2011-04-08;7249;Antofagasta;Sociedad;11;Las autoridades educacionales buscan terminar con el maltrato escolar
2011-04-08;7246;Antofagasta;Policial;11;Carabineros recupera dos vehículos robados en Antofagasta
2011-04-08;7222;Antofagasta;Policial;11;Intendente Alvaro Fernández visitó a funcionario de la PDI que fue baleado por delincuentes
2011-04-08;7216;Antofagasta;Deportes;11;Gran convocatoria tuvo la clase de gimnasia entretenida
2011-04-08;7210;Antofagasta;Policial;11;La Brigada Antinarcóticos de la PDI dejó 26 detenidos en operativo en Calama
2011-04-08;7205;Antofagasta;Policial;11;"""Vamos a echarle a perder el negocio a los delincuentes"""
2011-04-08;7198;Antofagasta;Policial;11;Narcos intentaban ingresar droga a la cárcel de Tocopilla en hamburgesas
2011-04-08;7192;Antofagasta;Policial;11;Carabineros dieron un golpe al microtráfico en la Población René Schneider
2011-04-08;7181;Antofagasta;Policial;11;Un turista francés falleció mientras se encontraba visitando El Tatio
2011-04-08;7153;Antofagasta;Policial;11;30 personas son detenidas por tráfico de drogas en Antofagasta
2011-04-08;7116;Antofagasta;Policial;11;Piñera anunció en Antofagasta un nuevo plan para frenar la delincuencia
2011-04-08;7096;Antofagasta;Deportes;11;Dirigentes discutieron sobre la Ley del Deporte en Tocopilla
2011-04-07;7039;Antofagasta;Economía y Negocios;11;Presidente Piñera inauguró Minera Esperanza en la Región de Antofagasta
2011-04-07;6996;Antofagasta;Sociedad;11;Más de 100 operarios realizan labores de limpieza en las calles de la ciudad
2011-04-07;6944;Antofagasta;Sociedad;11;Los estudiantes de la región reivindicaron sus conocimientos tras los resultados del SIMCE
2011-04-07;6943;Antofagasta;Policial;11;Delincuentes disparan a los detectives en sector norte de Antofagasta
2011-04-07;6939;Antofagasta;Sociedad;11;Directora de la Onemi descarta un tsunami en Antofagasta
2011-04-07;6928;Antofagasta;Sociedad;11;Aguas Antofagasta insiste en que compensará a clientes por cortes
2011-04-07;6911;Antofagasta;Deportes;11;Campeonato de bodyboard reunirá a deportistas de todo el país en Antofagasta
2011-04-07;6910;Antofagasta;Sociedad;11;El conductor de un camión quedó herido tras volcar en ruta minera
2011-04-07;6890;Antofagasta;Sociedad;11;Los emprendedores y microempresarios de la región registran un aumento en postulación a Capital Semilla
2011-04-07;6881;Antofagasta;Sociedad;11;La población Coviefi está incluída en el nuevo sistema de barrido de calles
2011-04-07;6875;Antofagasta;Sociedad;11;Piñera lanza el plan de inversión e inaugura la Minera Esperanza
2011-04-07;6871;Antofagasta;Sociedad;11;La región sigue en la zona roja de la prueba Simce
2011-04-07;6869;Antofagasta;Economía y Negocios;11;El Presidente Sebastián Piñera encabezará inauguración de Minera Esperanza
2011-04-07;6855;Antofagasta;Sociedad;11;Crece el riesgo sanitario por el cementerio de mascotas
2011-04-07;6853;Antofagasta;Sociedad;11;Fracasó el acuerdo con la sanitaria por cortes de agua
2011-04-06;6822;Antofagasta;Sociedad;11;Estudiantes destacados recibieron computadores y notebooks de última generación
2011-04-06;6808;Antofagasta;Sociedad;11;Las autoridades realizan recreo activo para los escolares
2011-04-06;6801;Antofagasta;Sociedad;11;El embajador de Estados Unidos realizará visita a Antofagasta
2011-04-06;6768;Antofagasta;Economía y Negocios;11;Partieron concursos internos para los trabajadores de Chuquicamata
2011-04-06;6761;Antofagasta;Sociedad;11;El Presidente Piñera llega mañana a lanzar Plan Antofagasta
2011-04-06;6756;Antofagasta;Sociedad;11;"Los estudiantes de la U. del Mar entrevistarán al mítico líder de ""Sex Pistols"""
2011-04-06;6744;Antofagasta;Sociedad;11;El seremi de Medio Ambiente confirma que mejoró la calidad del aire
2011-04-06;6702;Antofagasta;Sociedad;11;SERNAC no aceptó la propuesta de compensación de Aguas Antofagasta
2011-04-06;6684;Antofagasta;Deportes;11;Las cábalas que tiene Cobreloa para un buen resultado en la cancha
2011-04-06;6678;Antofagasta;Deportes;11;Gustavo Huerta trabaja para ganar los puntos fuera de casa
2011-04-06;6677;Antofagasta;Sociedad;11;El Sernac rechaza la compensación de Aguas Antofagasta
2011-04-06;6670;Antofagasta;Sociedad;11;A más de tres años del terremoto: Las sedes sociales de Tocopilla siguen en el suelo
2011-04-06;6669;Antofagasta;Sociedad;11;Vuelo de Sky debió regresar a Santiago por falla mecánica
2011-04-06;6662;Antofagasta;Sociedad;11;"""Si la gente no se mueve ya, se quedarán sin casas en Tocopilla"""
2011-04-06;6655;Antofagasta;Sociedad;11;Reaparecen los basurales en ruta de acceso a la ciudad
2011-04-06;6645;Antofagasta;Deportes;11;La joven promesa antofagastina fue cedida a la Universidad Católica
2011-04-06;6620;Antofagasta;Sociedad;11;Baja el índice de los delitos en la región de Antofagasta
2011-04-06;6545;Antofagasta;Sociedad;11;Los parlamentarios de la región están molestos por el recorte presupuestario
2011-04-05;6598;Antofagasta;Sociedad;11;Estudio dice que el aire de Antofagasta es de buena calidad
2011-04-05;6596;Antofagasta;Economía y Negocios;11;Minería chilena está preocupada por el posible gran terremoto en el Norte Grande
2011-04-05;6589;Antofagasta;Policial;11;Menor fue detenido por disparar en contra de un carabinero
2011-04-05;6579;Antofagasta;Sociedad;11;"Antofagasta se levanta como una ""Ciudad Modelo"""
2011-04-05;6570;Antofagasta;Sociedad;11;Pavimentación llegó hasta el poniente rural de Calama
2011-04-05;6567;Antofagasta;Policial;11;Menores causan gran conmoción al publicar fotografías portando armas blancas
2011-04-05;6557;Antofagasta;Cultura;11;El mejor cine europeo se toma esta noche el Café Vicente Huidobro de Calama
2011-04-05;6547;Antofagasta;Sociedad;11;Por quinta vez es destrozada cámara en la avenida Las Palmeras
2011-04-05;6527;Antofagasta;Sociedad;11;Estudiantes destacados recibieron computadores y notebooks de última generación
2011-04-05;6516;Antofagasta;Policial;11;Un adolescente de 14 años disparó contra los carabineros
2011-04-05;6506;Antofagasta;Deportes;11;Antofagastinos celebrarán el Día Internacional de la Actividad Física
2011-04-05;6500;Antofagasta;Cultura;11;El cantautor Javier Barría presentará su última producción discográfica
2011-04-05;6482;Antofagasta;Cultura;11;Artistas son llamados a postular al histórico evento cultural
2011-04-05;6458;Antofagasta;Policial;11;PDI de Antofagasta detuvo a un sujeto que abusaba de menores
2011-04-05;6432;Antofagasta;Deportes;11;Hace nueve años que Cobreloa no puede ganarle a Universidad Católica
2011-04-05;6416;Antofagasta;Policial;11;Un sujeto fue detenido tras abusar sexualmente de cuatro menores
2011-04-05;6415;Antofagasta;Economía y Negocios;11;Proyecto busca potenciar el trabajo ganadero en San Pedro de Atacama
2011-04-05;6409;Antofagasta;Deportes;11;CDA comienza a prepararse para enfrentar al líder de la Primera B
2011-04-05;6396;Antofagasta;Deportes;11;Club Deportes Antofagasta viaja a Talca para derrotar al puntero Rangers
2011-04-05;6379;Antofagasta;Economía y Negocios;11;El sector minero está preocupado por un posible gran terremoto
2011-04-05;6377;Antofagasta;Sociedad;11;La autoridad sanitaria realiza controles antes de la Semana Santa
2011-04-05;6372;Antofagasta;Sociedad;11;Los consultorios están en alerta por la llegada de los virus invernales
2011-04-05;6362;Antofagasta;Sociedad;11;Las constructoras inician la lucha por la construcción del hospital
2011-04-04;6342;Antofagasta;Política;11;Concejal Urdangarín ofreció disculpas públicas a alcalde de Calama Esteban Velásquez
2011-04-04;6340;Antofagasta;Policial;11;PDI de Antofagasta recuperó vehículo robado
2011-04-04;6334;Antofagasta;Sociedad;11;INDAP Antofagasta entregó más de 120 millones de pesos en incentivos de riego asociativo
2011-04-04;6332;Antofagasta;Sociedad;11;Anciano tocopillano se encuentra grave tras caer de un segundo piso
2011-04-04;6327;Antofagasta;Sociedad;11;Alcaldesa de Antofagasta, Marcela Hernando se reunió con reconocido arquitecto
2011-04-04;6325;Antofagasta;Policial;11;Hallan cuerpo sin vida en sector alto de Antofagasta
2011-04-04;6321;Antofagasta;Sociedad;11;Municipio de Antofagasta reiteró apoyo al deporte local
2011-04-04;6310;Antofagasta;Deportes;11;Agrupación antofagastina de cheerleaders viaja a Estados Unidos
2011-04-04;6307;Antofagasta;Cultura;11;En plena marcha los arreglos en el Teatro Municipal
2011-04-04;6301;Antofagasta;Policial;11;Vagabundo falleció en plena vía pública de Antofagasta
2011-04-04;6287;Antofagasta;Deportes;11;CDA derrotó por la mínima a San Marcos de Arica
2011-04-04;6253;Antofagasta;Cultura;11;Fondart abre postulaciones para becas de perfeccionamiento
2011-04-04;6275;Antofagasta;Economía y Negocios;11;Codelco realizará una inversión de US$ 17.500 millones
2011-04-04;6264;Antofagasta;Economía y Negocios;11;Federación Minera realizará reunión de emergencia tras demanda de Collahuasi
2011-04-04;6250;Antofagasta;Sociedad;11;Seremi de salud Marcos Madrigal fiscalizó ventas de mariscos por Semana Santa
2011-04-04;6241;Antofagasta;Cultura;11;Ya están abiertas las postulaciones para formación cultural en
2011-04-04;6234;Antofagasta;Deportes;11;IND se reúne con entidades deportivas de Tocopilla
2011-04-04;6222;Antofagasta;Sociedad;11;Federación Minera de Chile entrega respaldo ante querella interpuesta a trabajadores de Collahuasi
2011-04-04;6217;Antofagasta;Sociedad;11;Alcaldes de la Región de Antofagasta comenzaron trabajo para equipar municipios en casos de emergencia
2011-04-04;6209;Antofagasta;Deportes;11;Comenzaron las actividades de celebración del 136° aniversario de Bomberos de Antofagasta
2011-04-04;6204;Antofagasta;Sociedad;11;Conmoción entre los twitteros por ovnis en el Parque Inglés
2011-04-04;6197;Antofagasta;Cultura;11;Escritor antofagastino Antonio Skármeta estará presente en la Feria Internacional del Libreo Zicosur
2011-04-04;6184;Antofagasta;Tecnología;11;Paranal realiza nuevo descubrimiento estelar
2011-04-04;6167;Antofagasta;Policial;11;Vagos desmantelan un taxibús abandonado en Antofagasta
2011-04-04;6163;Antofagasta;Política;11;Diputado enciende polémica por evaluación en Intendencia
2011-04-03;6153;Antofagasta;Sociedad;11;La seremi de Gobierno escuchó a los vecinos de las Salitreras Unidas
2011-04-03;6147;Antofagasta;Deportes;11;Club Deportes Antofagasta venció 1-0 a San Marcos de Arica
2011-04-03;6144;Antofagasta;Cultura;11;El escritor Antonio Skármeta destacó el talento literario regional
2011-04-03;6139;Antofagasta;Sociedad;11;Senador Gómez y alcaldes de la región de Antofagasta comenzaron trabajo para equipar municipios en casos de emergencia
2011-04-03;6138;Antofagasta;Policial;11;Prisión preventiva en Antofagasta para presunto autor de homicio en Calama
2011-04-03;6134;Antofagasta;Policial;11;Joven mujer de 29 se transformó en la octava víctima de femicidio en Antofagasta
2011-04-03;6130;Antofagasta;Deportes;11;Club de Deportes Antofagasta derrotó a San Marcos de Arica
2011-04-03;6120;Antofagasta;Policial;11;Futuro abogado fue asesinado en Antofagasta
2011-04-03;6128;Antofagasta;Economía y Negocios;11;La Corfo llama a potenciar negocios de tecnología en la región
2011-04-03;6092;Antofagasta;Policial;11;15 detenidos arrojó operativo de la PDI al norte de Antofagasta
2011-04-03;6082;Antofagasta;Policial;11;Vecinos de Antofagasta atemorizados por riesgo de incendio en local de pollos
2011-04-03;6071;Antofagasta;Policial;11;Fiscalía de Antofagasta investiga homicidio de supuesto asaltante
2011-04-03;6056;Antofagasta;Sociedad;11;El senador José Antonio Gómez busca mejorar la respuesta comunal ante catástrofes
2011-04-03;6040;Antofagasta;Sociedad;11;El intendente de Antofagasta apoya la rebaja del 7% en salud a adultos mayores
2011-04-03;6032;Antofagasta;Sociedad;11;La Asociación de Industriales de Antofagasta impulsa descontaminación en La Chimba
2011-04-03;6023;Antofagasta;Deportes;11;El geógrafo Marcelo Lagos describe el tsunami que se avecina en el norte
2011-04-02;5942;Antofagasta;Sociedad;11;Operativo Municipal desaloja a vagabundos en Playa Paraíso de Antofagasta
2011-04-02;5938;Antofagasta;Sociedad;11;Inspectores municipales fiscalizan venta de alimentos en calles de Antofagasta
2011-04-02;5937;Antofagasta;Sociedad;11;Comenzó festival de la cerveza en Antofagasta
2011-04-02;5924;Antofagasta;Sociedad;11;Biblioteca Nº 120 de Antofagasta celebró “Día Internacional del libro Infantil y Juvenil”
2011-04-02;5919;Antofagasta;Deportes;11;El director regional del IND cree en subsede para el mundial en Antofagasta
2011-04-02;5908;Antofagasta;Sociedad;11;Corfo y Sernam realizan taller para impulsar el emprendimiento femenino en la región de Antofagasta
2011-04-02;5902;Antofagasta;Espectáculos;11;Luis Jara viene a enamorar con sus éxitos
2011-04-02;5900;Antofagasta;Sociedad;11;Municipio de Antofagasta finalizó proceso de permisos de circulación 2011
2011-04-02;5895;Antofagasta;Sociedad;11;Alcaldesa de Antofagasta, Marcela Hernando, dio el vamos a cuarta etapa de recambio de aceras en el centro de la ciudad
2011-04-02;5886;Antofagasta;Deportes;11;CDA realiza su último entrenamiento en Arica antes de enfrentar a San Marcos
2011-04-02;5884;Antofagasta;Deportes;11;Boris González: “Ante Palestino no tenemos margen de error”
2011-04-02;5880;Antofagasta;Economía y Negocios;11;La minería sigue como el gran imán para la inversión extranjera
2011-04-02;5877;Antofagasta;Deportes;11;Dirigentes deportivos de la región analizan Ley del Deporte en Calama
2011-04-02;5876;Antofagasta;Policial;11;Incautan más de 200 kilos de droga en la región
2011-04-02;5872;Antofagasta;Sociedad;11;Intendente regional, Álvaro Fernández y seremi de transportes, Ricardo Varas fiscalizan rebaja tarifaria en microbuses de Antofagasta
2011-04-02;5850;Antofagasta;Policial;11;Investigan a una mujer por robar a gendarmes
2011-04-02;5842;Antofagasta;Sociedad;11;El municipio inició la reparación de veredas en el centro de Antofagasta
2011-04-02;5835;Antofagasta;Sociedad;11;Los profesores bien evaluados emigran a los colegios privados
2011-04-02;5825;Antofagasta;Sociedad;11;Los clientes continúan sin compensación por los cortes de agua sufridos en la ciudad
2011-04-02;5819;Antofagasta;Sociedad;11;Un sorpresivo paro dejó sin transporte a los antofagastinos
2011-04-01;5794;Antofagasta;Deportes;11;Seremi de Obras Públicas espera un estadio de lujo para Antofagasta
2011-04-01;5789;Antofagasta;Deportes;11;Instituto Nacional del Deporte inicia ciclo de charlas
2011-04-01;5773;Antofagasta;Policial;11;Gendarme de Tocopilla utilizaba a su ex pareja para estafar a sus colegas
2011-04-01;5750;Antofagasta;Deportes;11;Antofagasta sigue soñando con ser sede del Mundial Sub 17
2011-04-01;5718;Antofagasta;Deportes;11;El técnico Gustavo Huerta prepara el duelo contra San Marcos de Arica
2011-04-01;5690;Antofagasta;Sociedad;11;La PDI se encuentra alerta por el aumento de las estafas electrónicas
2011-04-01;5668;Antofagasta;Sociedad;11;"Intendente Alvaro Fernández y reducción del 7 % de salud: ""Estamos cumpliendo con nuestros adultos mayores"""
2011-04-01;5666;Antofagasta;Política;11;Senador Gómez exigió instalar telefonía celular en la ruta hacia Mejillones
2011-04-01;5664;Antofagasta;Política;11;Senador Gómez pide aprovechar el potencial energético solar de la Región de Antofagasta
2011-04-01;5650;Antofagasta;Sociedad;11;Indignación en vecinos de Pacífico Norte  de Tocopilla por retraso en obras de acceso a población
2011-04-01;5647;Antofagasta;Sociedad;11;Paro de las micros en Antofagasta podría extenderse durante el fin de semana
2011-04-01;5639;Antofagasta;Sociedad;11;95% de los choferes de taxibuses paralizan en Antofagasta
2011-03-31;5565;Antofagasta;Cultura;11;Biblioteca celebrará en grande el Día Internacional del Libro Infantil y Juvenil
2011-03-31;5563;Antofagasta;Sociedad;11;Población Favorecedora da inicio a un nuevo mes de operativos de aseo
2011-03-31;5558;Antofagasta;Sociedad;11;Gobierno y Adutax firmaron el acuerdo que rebaja la tarifa para adultos y estudiantes
2011-03-31;5551;Antofagasta;Sociedad;11;Intentan agredir a inspectores municipales por fiscalizar venta de alimentos en la vía pública
2011-03-31;5571;Antofagasta;Deportes;11;El estadio de Antofagasta será remodelado desde junio
2011-03-31;5409;Antofagasta;Policial;11;Los padres de Carolina Arias dan lucha por su nieto
2011-03-31;5509;Antofagasta;Policial;11;Reo se escapó desde la cárcel del puerto salitrero
2011-03-31;5508;Antofagasta;Policial;11;Murió tras fatal puñalada de sujeto que dijo actuar en defensa propia
2011-03-31;5408;Antofagasta;Sociedad;11;Antofagastinos sufren los negativos efectos por la extensión del horario de verano
2011-03-31;5410;Antofagasta;Sociedad;11;Los nuevos gendarmes viven hacinados al interior de la cárcel de Antofagasta
2011-03-31;5420;Antofagasta;Sociedad;11;Minera Escondida invierte US$ 554 millones para aumentar su producción
2011-03-31;5414;Antofagasta;Economía y Negocios;11;Aumentan las ventas y el número de visitas en el mall antofagastino
2011-03-31;5486;Antofagasta;Deportes;11;El goleador César Díaz dio un merecido triunfo al CDA
2011-03-31;5503;Antofagasta;Policial;11;PDI desvirtúa denuncia por una violación
2011-03-31;5496;Antofagasta;Sociedad;11;Rutas de la región consideradas Zonas de Silencio tendrán cobertura para celulares
2011-03-31;5487;Antofagasta;Policial;11;Incendio dejó dos habitaciones completamente destruidas
2011-03-31;5482;Antofagasta;Sociedad;11;INDAP Región de Antofagasta dio nuevo impulso al PRODESAL
2011-03-31;5476;Antofagasta;Sociedad;11;Agencia de Desarrollo Productivo y Servicios Públicos firman acuerdo para potenciar áreas importantes de la región
2011-03-30;5390;Antofagasta;Sociedad;11;Antofagastina ganó en el casino más de $ 52 millones con sólo $ 1.500
2011-03-30;5386;Antofagasta;Deportes;11;Ministerio de Obras Públicas abre propuestas para nuevo estadio en Antofagasta
2011-03-30;5379;Antofagasta;Economía y Negocios;11;Presidente de Codelco pidió comprensión por despidos en Chuquicamata
2011-03-30;5357;Antofagasta;Sociedad;11;Seremi de gobierno escuchó inquietudes  de la junta vecinal Salitreras Unidas
2011-03-30;5322;Antofagasta;Economía y Negocios;11;Exponor 2011 remece el mercado local por alta demanda de servicios
2011-03-30;5298;Antofagasta;Sociedad;11;Diputados buscan elevar la seguridad en los furgones escolares
2011-03-30;5289;Antofagasta;Sociedad;11;El gobernador de Antofagasta frena los excesos en las fiestas universitarias
2011-03-30;5306;Antofagasta;Policial;11;El asesino de Carolina Arias fue condenado a 24 años de cárcel
2011-03-30;5246;Antofagasta;Sociedad;11;Senador Cantero pide no satanizar la alternativa de la energía nuclear
2011-03-30;5240;Antofagasta;Sociedad;11;El intendente Alvaro Fernández no descarta cambios en polémica obra del aeropuerto
2011-03-30;5233;Antofagasta;Sociedad;11;Los antofagastinos serán favorecidos con histórica rebaja de pasajes en los taxibuses
2011-03-30;5232;Antofagasta;Sociedad;11;Los antofagastinos serán favorecidos con histórica rebaja de pasajes en los taxibuses
2011-03-29;5184;Antofagasta;Deportes;11;El Instituto Nacional de Deportes realizó gira regional
2011-03-29;5181;Antofagasta;Deportes;11;La Fuerza Aérea organizó cross country en pleno desierto
2011-03-29;5174;Antofagasta;Sociedad;11;Un nuevo proyecto productivo extiende la vida útil de la mina Mantos Blancos
2011-03-29;5128;Antofagasta;Sociedad;11;Concesionario de aeropuerto anuncia colapso del terminal
2011-03-29;5145;Antofagasta;Policial;11;Los vagabundos invaden el terminal pesquero de Antofagasta
2011-03-29;5106;Antofagasta;Sociedad;11;Falla en Puerto Mejillones provocó contaminación
2011-03-29;5110;Antofagasta;Sociedad;11;102 mil personas serán vacunadas contra temida influenza en Antofagasta
2011-03-29;5134;Antofagasta;Sociedad;11;Médicos realizaron 47 cirugías gratuitas en Taltal
2011-03-29;5113;Antofagasta;Sociedad;11;Gobierno construye cruces ferroviarios en nuevas rutas
2011-03-29;5100;Antofagasta;Sociedad;11;Vecinos inician protestas para oponerse a pubs en zona residencial
2011-05-26;17486;Antofagasta;Sociedad;11;La I División de Ejército realiza la Primera Feria de la Vivienda en Antofagasta
2011-05-26;17483;Antofagasta;Deportes;11;Francisco Sepúlveda sustituirá a Carlos Escudero en disputa con Lota
2011-05-26;17482;Antofagasta;Sociedad;11;Autoridades de Antofagasta lanzan el plan invierno ante posibles chubascos
2011-05-26;17453;Antofagasta;Policial;11;Carabineros no vio brutal riña entre liceanas de Antofagasta
2011-05-26;17411;Antofagasta;Policial;11;Delincuentes roban nuevamente hogar de ancianos y niños en Antofagasta
2011-05-26;17404;Antofagasta;Sociedad;11;Gobierno instalará gigantesca bandera en el muelle histórico en Antofagasta
2011-05-26;17397;Antofagasta;Sociedad;11;Más de 300 estudiantes protestaron frente a la Intendencia en Antofagasta
2011-05-26;17390;Antofagasta;Policial;11;Seremi de Educación pidió una investigación por pelea fuera de un liceo en Antofagasta
2011-05-26;17384;Antofagasta;Sociedad;11;Autoridades de Antofagasta inauguraron la Expomarítima 2011
2011-05-26;17373;Antofagasta;Deportes;11;Alexis Sánchez no llegó a la despedida de su padre adoptivo
2011-05-26;17352;Antofagasta;Policial;11;Una estudiante de Antofagasta azota a su compañera contra un automóvil
2011-05-26;17327;Antofagasta;Cultura;11;Con la película “París” sigue la penúltima jornada del cine europeo
2011-05-26;17322;Antofagasta;Economía y Negocios;11;Antofagasta Minerals aumentó sus ingresos en casi 30 por ciento
2011-05-26;17304;Antofagasta;Policial;11;PDI detectó 70 casos de phishing en tres meses en Antofagasta
2011-05-26;17302;Antofagasta;Deportes;11;Alexis Sánchez llega hoy a despedir a su padre adoptivo
2011-05-25;17288;Antofagasta;Policial;11;Tres muertos deja finalmente accidente carretero al interior de Iquique
2011-05-25;17265;Antofagasta;Sociedad;11;Gobierno lanza fondo para fortalecer las organizaciones sociales de la región
2011-05-25;17260;Antofagasta;Sociedad;11;La Municipalidad destinó 60 millones de pesos a organizaciones comunitarias
2011-05-25;17238;Antofagasta;Deportes;11;La Escuela Dario Salas dijo presente en el Día del Desafío
2011-05-25;17218;Antofagasta;Economía y Negocios;11;Un total de 31 iniciativas postulan a la muestra de innovación de Exponor 2011
2011-05-25;17211;Antofagasta;Sociedad;11;El diputado Pedro Araya valora la iniciativa para acabar con las deudas en educación
2011-05-25;17210;Antofagasta;Sociedad;11;La Federación Minera pide que se derogue la ley de subcontratación
2011-05-25;17200;Antofagasta;Sociedad;11;El Minvu confirma que la Región de Antofagasta posee 21 campamentos
2011-05-25;17183;Antofagasta;Policial;11;Servicio Médico Legal entregará restos de minero perdido hace más de 40 años
2011-05-25;17168;Antofagasta;Sociedad;11;Las instituciones fronterizas de Chile y Argentina realizarán un operativo conjunto
2011-05-25;17151;Antofagasta;Deportes;11;ANFP reprograma partido entre CDA y Lota para el mediodía
2011-05-25;17143;Antofagasta;Tecnología;11;Expertos en Antofagasta producen biocombustibles de calidad industrial
2011-05-25;17127;Antofagasta;Deportes;11;Municipal Mejillones y San Pedro van por la revancha en la Copa Chile
2011-05-25;17087;Antofagasta;Deportes;11;Alexis Sánchez viaja mañana a Tocopilla para el funeral de su padre
2011-05-25;17075;Antofagasta;Sociedad;11;Estudiantes del liceo de Taltal finalizaron su toma
2011-05-24;17046;Antofagasta;Policial;11;Las autoridades confirman que se investigará a fondo para aclarar el accidente minero
2011-05-24;16927;Antofagasta;Policial;11;La PDI detuvo a sujeto que asesinó a su hijastro
2011-05-24;16958;Antofagasta;Policial;11;Evelyn Matthei se conmovió con familiares de las víctimas
2011-05-24;16972;Antofagasta;Policial;11;Menor de 13 años murió tras ser arrollado por un camión en Antofagasta
2011-05-24;16988;Antofagasta;Cultura;11;Cinta italiana se exhibirá en un ciclo de cine europeo en Antofagasta
2011-05-24;16979;Antofagasta;Policial;11;Conductor del bus será operado de urgencia en Antofagasta
2011-05-24;16917;Antofagasta;Policial;11;Federación Minera reclama por las precarias condiciones de trabajo de mineros contratistas
